;date;title;author;link;likes;comments;notes
0;19.06;Для эспрессо, американо и капучино: лучшие автоматические кофемашины;Юлия Скопич ;/best-coffee-machines/;25;106;40
1;19.06;10 проверенных ортопедических подушек: отзывы читателей;Юлия Коняхина ;/sleeping-pillows-2/;3;4;8
2;16.06;PocketBook 617: характеристики, обзоры, частые вопросы о модели;Редакция «Сравнятор» ;/pocketbook-617/;1;···;2
3;16.06;PocketBook 617: характеристики, обзоры, частые вопросы о модели;Редакция «Сравнятор» ;/pocketbook-617/;1;···;2
4;16.06;Digma K1: характеристики, обзоры, частые вопросы о модели;Редакция «Сравнятор» ;/digma-k1/;1;···;1
5;16.06;Моя косметичка: как я ухаживаю за сухой кожей после переезда на север;Алиса ;/moving-north-skin-care/;5;3;5
6;15.06;Лучшие самокаты от 5000 ₽: городские, бездорожные и трюковые;Мария Киселева ;/best-scooters/;6;4;4
7;15.06;Onyx Boox Lomonosov: характеристики, обзоры, частые вопросы о модели;Редакция «Сравнятор» ;/onyx-boox-lomonosov/;2;···;
8;15.06;PocketBook 740 Pro: характеристики, обзоры, частые вопросы о модели;Редакция «Сравнятор» ;/pocketbook-740-pro/;2;···;
9;14.06;Топ одноразовых станков для бритья;Надежда Базанова ;/best-disposable-razors/;12;15;6
10;14.06;Apple Watch Series 7: характеристики, обзоры, частые вопросы о модели;Редакция «Сравнятор» ;/apple-watch-7-about/;2;2;
11;14.06;Amazfit GTR 4: характеристики, обзоры, частые вопросы о модели;Редакция «Сравнятор» ;/amazfit-gtr-4/;2;1;
12;13.06;Какой VR-шлем купить в 2023 году;Даниил Баздырев ;/best-vr/;3;8;1
13;13.06;Huawei Watch 3 Pro: характеристики, обзоры, частые вопросы о модели;Редакция «Сравнятор» ;/huawei-watch-3-pro/;1;10;1
14;13.06;Samsung Galaxy Watch 4: характеристики, обзоры, частые вопросы о модели;Редакция «Сравнятор» ;/samsung-galaxy-watch-4/;1;1;
15;09.06;Моя косметичка: как я ухаживаю за проблемной кожей во время беременности;Транжира Владимировна ;/sensitive-skin-care-during-pregnancy-care/;7;7;7
16;09.06;Amazfit Bip U Pro: характеристики, обзоры, частые вопросы по модели;Редакция «Сравнятор» ;/amazfit-bip-u-pro/;1;···;3
17;09.06;Xiaomi Smart Band 8: характеристики, обзоры, частые вопросы по модели;Редакция «Сравнятор» ;/xiaomi-smart-band-8/;1;1;5
18;08.06;Лучшие наушники с костной проводимостью: как выбрать и какие купить;Альбина Павловская ;/s-kostnoj-provodimostu/;4;11;13
19;08.06;Xiaomi Band 7: характеристики, обзоры, частые вопросы о модели;Редакция «Сравнятор» ;/xiaomi-band-7/;2;1;
20;07.06;7 лучших увлажнителей воздуха;Виктория Зорина ;/best-humidifiers/;3;12;16
21;05.06;Я собрал бесшумный, миниатюрный и производительный ПК за 189 600 ₽;Vladislav ;/pc-for-custom/;16;28;9
22;02.06;6 лучших детских смарт-часов;Виктория Зорина ;/kids-smart-watch/;7;7;9
23;02.06;Моя косметичка: уход за обезвоженной кожей с высыпаниями и постакне;Ирина ;/dlia-kozhi-s-postakne/;3;···;11
24;01.06;Топ электрических триммеров: чем косить траву на небольшом участке;Александр Зайка ;/electric-trimmers-for-grass/;5;11;8
25;30.05;Лучшие компьютерные корпуса для игр, работы и домашнего кинотеатра: 18 вариантов от 5000 ₽;Сергей Первушин ;/best-pc-cases/;5;6;5
26;29.05;Топ электрических беговых дорожек: выбираем лучшие из десятков вариантов;Мария Киселева ;/best-electronic-treadmills/;7;7;6
27;26.05;Моя косметичка: большой набор для кожи с куперозом;Дмитрий Верещагин ;/big-set-for-combi/;5;···;7
28;25.05;Заменят проветривание: 7 лучших бризеров для дома;Виктория Зорина ;/best-breezers/;19;20;52
29;25.05;Заменят проветривание: 7 лучших бризеров для дома;Виктория Зорина ;/best-breezers/;19;20;52
30;24.05;Лучшие гигиенические тампоны;Елена Шипилова ;/best-tampons/;12;17;6
31;22.05;Я собрал ПК за 293 185 ₽, чтобы изучать 3D-моделирование и играть в новинки;Kot Obormot ;/pc-for-3d-and-games/;14;91;10
32;19.05;Лучшие радионяни: 6 вариантов;Татьяна Лютова ;/best-baby-monitors/;4;3;6
33;19.05;Моя косметичка: 11 средств в уходе эксперта рубрики Аси Поповой;Анна Мозговая ;/cosmetic-bag-asya-popova/;18;6;33
34;18.05;Лучшие солнцезащитные кремы для разных типов кожи;Ася Попова ;/best-sunscreens/;17;25;41
35;17.05;Топ механических беговых дорожек до 22 000 ₽;Мария Киселева ;/best-mechanical-treadmills/;6;8;5
36;16.05;Лучшие процессоры для ПК: 7 удачных моделей от 7670 ₽;Никита Богуславский ;/best-cpu/;2;17;3
37;15.05;Лучшие погружные блендеры: для смузи, фарша и блинов;Юлия Скопич ;/best-blenders/;10;5;18
38;15.05;«Настоящий праздник для спины»: 8 матрасов для комфортного сна;Юлия Коняхина ;/best-mattresses/;9;9;26
39;12.05;Моя косметичка: 7 средств для кожи 40+ с пигментными пятнами;Квакша ;/products-for-skin-with-pigment-spots/;11;17;17
40;11.05;Какой Макбук купить с рук в 2023 году: 5 проверенных моделей от 27 000 ₽;Максим Аврамов ;/list/used-macbooks-guide/;23;56;42
41;10.05;Выбираем лучший смартфон для видео: 5 вариантов;Александр Герасимов ;/best-videophones/;3;8;1
42;05.05;Моя косметичка: как я ухаживаю за чувствительной кожей лица и тела;Инга | Учусь жизни у кота ;/poll-problem-skin-care-between-3000-and-15000-rubles-a-month/;11;13;14
43;05.05;6 полезных гаджетов для похода;Алексей Никитченко ;/hike-gadgets/;12;9;26
44;03.05;Рейтинг лучших вузов России в 2023 году;Екатерина Александрова ;/list/top-universities/;19;48;29
45;03.05;Лучшие подростковые велосипеды, чтобы ездить во дворе и на даче;Артем Соколов ;/best-bikes-young/;7;8;1
46;02.05;Лучшие роутеры с симкартой для дачи: 4 модели от 1000 ₽;Даниил Баздырев ;/best-4g-routers/;7;20;16
47;28.04;Лучшие зубные пасты до 400 ₽;Маша Русскова ;/best-toothpaste/;21;33;40
48;28.04;Моя косметичка: 10 средств для ухода за кожей, склонной к прыщам и черным точкам;Кроха Картоха ;/care-for-oily-problem-age-skin/;15;7;28
49;27.04;Лучшие электрогрили для любителей готовить вкусные стейки дома;Кира Ступникова ;/best-grrrls/;11;21;16
50;26.04;Какой Kindle купить в 2023 году;Ольга Щербинина ;/kindle-wanted/;10;20;7
51;25.04;Лучшие беспроводные мыши;Никита Богуславский ;/best-wireless-mice/;8;27;15
52;21.04;Моя косметичка: уход за кожей с сезонным себорейным дерматитом;Елизавета ;/skin-care-for-seasonal-seborrheic-dermatitis-for-20000-per-year/;7;3;4
53;18.04;Топ складных смартфонов: 4 удачных варианта от 57 000 ₽;Александр Герасимов ;/best-folding-phones/;3;5;3
54;17.04;«Глаза жалко, а деньги — не очень»: 8 проверенных растворов для линз;Юлия Коняхина ;/lens-solutions/;8;15;9
55;17.04;«Глаза жалко, а деньги — не очень»: 8 проверенных растворов для линз;Юлия Коняхина ;/lens-solutions/;8;15;9
56;17.04;Лучшие топоры: чем рубить и колоть;Артем Соколов ;/best-axes/;10;9;4
57;14.04;Лучшие гигиенические прокладки;Елена Шипилова ;/best-menstrual-pads/;14;46;11
58;14.04;Моя косметичка: как я ищу уход за кожей с поврежденным защитным барьером;Норма Джин ;/care-for-dry-young-skin-with-an-impaired-lipid-barrier/;12;9;11
59;12.04;Зачем для уборки дома мне нужны пять пылесосов;Виталий Чумаков ;/my-vacuum-cleaners/;20;21;25
60;11.04;Лучшие колонки с Алисой, которые можно купить;Евгений Вильдяев ;/best-with-alice/;18;23;12
61;10.04;Я собрала ПК для дизайнерских утех за 225 000 ₽;Адиюх Шипшева ;/pc-for-design/;12;13;6
62;07.04;Топ летних беговых кроссовок: для легких пробежек и серьезных тренировок;Мария Киселева ;/beg-letom/;45;71;79
63;07.04;Моя косметичка: как я ухаживаю за молодой кожей и покупаю минимум декоративной косметики;Лиза ;/care-for-young-skin-prone-to-rashes-and-redness/;9;6;10
64;06.04;Какой Макбук купить в 2023 году;Даниил Баздырев ;/best-macbook/;11;25;8
65;05.04;Лучшие беспроводные шуруповерты до 10 000 ₽;Николай Овчинников ;/best-screwgun-not-screw-up/;7;33;9
66;04.04;Samsung Galaxy S23: обзор компактного флагмана с хорошей камерой;Михаил Полярус ;/s23-review/;11;10;2
67;03.04;Я нашла хороший пружинный матрас 180 × 200 см после ухода «Икеи» из России;Кира Ступникова ;/spring-mattresses/;31;46;52
68;31.03;Лучшие мультиварки-скороварки: с чем можно меньше стоять у плиты;Юлия Скопич ;/best-and-fast/;6;13;12
69;31.03;Моя косметичка: как я ухаживаю за кожей 50+ с сухими участками;Марианна Черанева ;/five-care-products-for-dry-skin-spots/;1;11;6
70;30.03;Лучшие ТВ-приставки: 6 вариантов;Даниил Баздырев ;/top-smart-tv-box/;12;50;29
71;28.03;Лучшие увлажняющие капли для глаз;Виктория Зорина ;/kapli-dlya-glaz/;4;20;43
72;24.03;Лучшие игровые наушники от известных компаний: 8 моделей от 4000 ₽;Дарья Тильная ;/best-gaming-headphones/;3;11;5
73;24.03;Моя косметичка: как я ухаживаю за кожей после курса системных ретиноидов;toni_raven ;/products-i-use-after-i-cured-my-acne/;5;30;11
74;23.03;Лучшие беспроводные клавиатуры: 8 вариантов для разных задач от 779 до 20 000 ₽;Никита Богуславский ;/best-wireless-keyboards/;16;77;47
75;22.03;Что купить для химчистки салона автомобиля;Константин Ищенко ;/himchistka-salona-avto/;3;4;31
76;21.03;Лучшие городские велосипеды: на чем ездить каждый день;Артем Соколов ;/best-city-bikes/;14;31;13
77;20.03;Натуральные гели для душа до 500 ₽;Мария Киселева ;/geli-dlya-dusha/;7;8;21
78;17.03;Лучшие видеокарты для игр и работы: 6 вариантов от 15 445 ₽;Семен Окороков ;/best-gpu/;7;27;12
79;17.03;Моя косметичка: как я ухаживаю за неприхотливой кожей случайными средствами;Far Away ;/my-care-for-sensitive-skin/;4;27;4
80;15.03;Лучшие горные велосипеды: для прогулок и ежедневного катания;Артем Соколов ;/best-mtb-bikes/;9;47;20
81;15.03;Лучшие горные велосипеды: для прогулок и ежедневного катания;Артем Соколов ;/best-mtb-bikes/;9;47;20
82;14.03;Лучшие бюджетные беспроводные наушники: 5 проверенных моделей до 8000 ₽;Даниил Баздырев ;/best-tws-lowcost/;29;89;88
83;13.03;Я собрал компьютер с «Алиэкспресса» за 33 497 ₽ — чтобы жаба не душила;Александр Мжельский ;/pc-from-ali/;11;23;16
84;10.03;Моя косметичка: как я ухаживаю за кожей с акне и розацеа;Сейлор Марс ;/combination-sensitive-skin-with-acne/;6;9;18
85;09.03;Лучшие мониторы для дома: 7 удачных вариантов среднего уровня до 40 000 ₽;Александр Герасимов ;/best-home-monitor/;22;30;60
86;08.03;Лучшие компактные смартфоны: 5 моделей от 25 000 ₽;Евгений Вильдяев ;/best-compact-phones/;7;16;9
87;08.03;Лучшие планшеты среднего класса: 5 удачных моделей до 35 000 ₽;Евгений Вильдяев ;/best-middle-tablets-2023/;13;4;27
88;08.03;Какой Айфон купить на вторичном рынке: 5 удачных моделей от 15 000 ₽;Никита Богуславский ;/list/secondhand-iphones/;18;38;25
89;08.03;Лучшие умные часы: 6 удачных моделей от 2800 ₽;Александр Герасимов ;/best-smartwatch/;23;73;38
90;07.03;Что я использую для фотосъемки природы, архитектуры и людей;Георгий Джеджея ;/my-photo-setup/;16;23;22
91;03.03;Лучшие профессиональные краски для волос;Оксана Мосеева ;/kraski-dlya-volos/;7;11;16
92;03.03;Моя косметичка: уход за проблемной кожей средствами до 600 ₽;поросячий хвостик ;/teenage-acne-skin-600/;5;22;12
93;02.03;Лучшие кнопочные телефоны: 7 удачных моделей от 890 ₽;Даниил Баздырев ;/best-featurephones/;25;25;33
94;01.03;Лучшие шоссейные велосипеды: на чем ездить быстро и далеко;Артем Соколов ;/best-road-bikes/;18;62;15
95;28.02;Лучшие ноутбуки для работы и не только: 7 удачных вариантов;Александр Герасимов ;/laptops-for-work/;28;123;118
96;27.02;Рейтинг лазерных принтеров;Оксана Мосеева ;/best-printers/;7;16;14
97;27.02;Я собрал ПК за 285 000 ₽, чтобы перепройти Cyberpunk 2077 с трассировкой лучей;Sergey Averyanov ;/pc-with-ray-tracing/;7;49;7
98;24.02;Моя косметичка: 7 средств, после которых я перестала пользоваться тональным кремом;Вероника Морозова ;/7-products-after-which-i-stopped-using-foundation/;31;50;54
99;22.02;Лучшие семейные палатки до 30 000 ₽;Мария Киселева ;/best-tents/;5;20;13
100;21.02;Лучшие бюджетные смартфоны до 15 000 ₽: 6 удачных моделей;Даниил Баздырев ;/best-budget-phones/;15;28;56
101;20.02;Лучшие газовые котлы;Виктор Джин ;/gas-heaters/;6;10;20
102;20.02;«Грива блестит, концы не секутся»: еще 12 проверенных шампуней до 1000 ₽;Юлия Коняхина ;/hair-care/;18;44;56
103;17.02;Лучшие растворы для контактных линз;Виктория Зорина ;/best-solution/;5;43;12
104;17.02;Моя косметичка: уход за комбинированной кожей лица, тела и волосами в 48 лет;Кадерлем ;/combination-skin-body-hair/;8;14;15
105;16.02;Лучшие беспроводные колонки: 5 удачных моделей от 2000 ₽;Даниил Баздырев ;/best-wireless-speakers/;17;49;31
106;15.02;Какой картридер купить в 2023 году;Стас Зверянов ;/best-card-reader/;1;3;5
107;15.02;Какой картридер купить в 2023 году;Стас Зверянов ;/best-card-reader/;1;3;5
108;14.02;Лучшие гейнеры для набора мышечной массы;Артем Соколов ;/best-gainers-for-muscles/;9;38;19
109;13.02;Я потратил на сборку ПК более 361 000 ₽ и не жалею об этом;Владимир Ноженко ;/dream-pc-expensive/;7;42;3
110;13.02;Лучшие Apple Watch;Никита Богуславский ;/best-apple-watch/;12;45;17
111;10.02;Лучшие газовые плиты до 40 000 ₽;Юлия Скопич ;/best-gas-ovens/;8;7;12
112;10.02;Моя косметичка: уход за чувствительной кожей после акне за 3000 ₽ в месяц;Mr. Wolf ;/dry-sensitive-skin/;4;11;12
113;09.02;Лучшие электронные книги: 7 удачных моделей от 5500 ₽;Даниил Баздырев ;/best-readers-2023/;27;103;73
114;08.02;Какие AirPods купить в 2023 году: 4 модели от 12 500 ₽;Дамир Камалетдинов ;/best-airpods-2023/;15;53;21
115;07.02;Какой Dyson для волос выбрать себе или в подарок;Ольга Щербинина ;/dyson-wanted/;8;36;10
116;06.02;Лучшие саундбары до 30 000 ₽;Даниил Венедиктов ;/best-soundbars/;2;29;12
117;03.02;Лучшие умные колонки: 7 моделей для любого бюджета;Никита Богуславский ;/best-smart-speakers/;16;54;32
118;02.02;Лучшие ноутбуки для работы от новых китайских брендов до 42 000 ₽;Александр Герасимов ;/ali-laptops/;15;30;45
119;31.01;Какой выбрать Айпад в 2023 году: 4 удачные модели от 38 000 ₽;Дамир Камалетдинов ;/best-ipads-2023/;21;49;42
120;30.01;Что я использую в мастерской, в которой работаю каждый день;Евгений Матвеев ;/doctor-device/;18;38;25
121;30.01;Я потратил на сборку ПК 232 000 ₽ и не планирую останавливаться;sayonara_boyz ;/pc-no-stop/;8;25;4
122;27.01;Лучшие тональные кремы;Оксана Мосеева ;/tonalki/;6;19;20
123;27.01;Моя косметичка: как я ухаживаю за обезвоженной кожей с акне;Ирина Фурсова ;/oily-dehydrated-skin/;8;6;19
124;26.01;Лучшие телевизоры до 20 000 ₽;Виктория Зорина ;/best-cheap-tv/;12;7;40
125;25.01;Лучшие столы с дополнительными функциями;Стас Зверянов ;/best-smart-table/;6;35;27
126;24.01;Лучшие внешние жесткие диски HDD и SSD;Кирилл Черемисин ;/best-hdd-ssd/;8;9;26
127;23.01;Лучшие умные лампочки: 8 моделей для разных комнат и задач;Евгений Вильдяев ;/best-smart-bulb-2023/;10;23;43
128;23.01;Я впервые собрал компьютер самостоятельно и потратил на это 204 950 ₽;Mark Zhevnerchuk ;/pc-for-games-ultra-2k/;6;54;6
129;20.01;Что купить для работы мастером маникюра;капибарышня ;/manikurochnaya/;6;10;7
130;20.01;Моя косметичка: как я избавилась от акне и нашла уход, который не вызывает высыпаний;Бьютизависимость ;/acne-prevention-care/;9;5;22
131;19.01;Лучшие дрели;Артем Соколов ;/best-drills/;1;42;6
132;18.01;6 хороших шампуней стоимостью до 500 ₽;Ася Попова ;/best-cheap-shampoos/;21;71;41
133;18.01;6 хороших шампуней стоимостью до 500 ₽;Ася Попова ;/best-cheap-shampoos/;21;71;41
134;17.01;Лучшие автономные смартфоны: 7 удачных моделей с большой батареей;Даниил Баздырев ;/best-charged-smartphones/;6;5;9
135;17.01;Как я ради эксперимента заказал процессор с «Алиэкспресса» и в итоге обновил ПК за 180 850 ₽;Дмитрий ;/pc-for-regret/;5;71;9
136;16.01;Лучшие кроссовки для бега зимой: по асфальту, бездорожью и гололеду;Мария Киселева ;/beg-zimoj/;12;27;20
137;13.01;Лучшие пены для бритья;Артем Соколов ;/best-shave-foams/;11;30;17
138;13.01;Моя косметичка: уход за проблемной кожей с акне в ремиссии;Valeria Li ;/problematic-skin-care-in-remission/;15;17;39
139;12.01;Лучшие пауэрбанки: 4 качественные модели под разные задачи;Кирилл Черемисин ;/best-powerbanks/;12;11;35
140;11.01;Лучшие напольные и ручные отпариватели;Николай Лялин ;/best-vapor/;14;28;47
141;10.01;Лучшие фотоаппараты мгновенной печати;Стас Зверянов ;/best-instax/;6;20;24
142;09.01;Что я купила для мини-спортзала дома, чтобы отказаться от фитнес-клуба;Лилия Бронникова ;/sport-doma-nabor/;13;50;20
143;30.12.22;Лучшие протеиновые порошки: что купить спортсменам и тем, кому нужно больше белка;Артем Соколов ;/best-proteins/;15;82;53
144;29.12.22;Лучшие беспроводные TWS-наушники: 4 флагманские модели от 9000 ₽;Никита Богуславский ;/top-tws/;6;15;7
145;28.12.22;Лучшие стиральные машины до 30 000 ₽;Игорь Николаев ;/best-cheap-washing-machines/;4;43;34
146;27.12.22;5 альтернатив «Лего»;Юлия Скопич ;/lego-alternatives/;3;24;11
147;26.12.22;5 идеальных микрофонов для созвонов;Полина Моровова-Шейнер ;/microphones-for-zoomcalls/;4;13;18
148;23.12.22;7 электромобилей, которые продаются в России новыми;Константин Ищенко ;/parallelnaya-electrichka/;9;29;7
149;23.12.22;Моя косметичка: как я ухаживаю за сухой кожей с веснушками;Сестра таланта ;/care-for-dry-skin-from-bloggers/;5;17;9
150;22.12.22;Я купила фильтр-кофеварку вместо турки и наконец расслабилась;Ольга Грачева ;/damn-fine-cup-of-coffee/;19;71;9
151;21.12.22;5 масел для волос с натуральными экстрактами;Юлия Скопич ;/best-hair-butter/;9;22;22
152;20.12.22;Какую умную гирлянду выбрать: примеры удачных моделей;Никита Богуславский ;/smart-party-lights/;7;5;29
153;19.12.22;Лучшие телевизоры диагональю 55 дюймов;Даниил Венедиктов ;/best-tv-55/;15;35;38
154;16.12.22;Какой выбрать фильтр для воды;Полина Моровова-Шейнер ;/best-water-filters/;14;52;34
155;16.12.22;Моя косметичка: как я ухаживаю за кожей после лечения акне;Алина ;/combination-skin-care/;1;13;16
156;14.12.22;Лучшие сушилки для овощей и фруктов;Николай Лялин ;/best-vegetable-machines/;5;11;14
157;13.12.22;Лучшие утюги не дороже 8000 ₽;Оксана Мосеева ;/the-best-irons/;1;10;7
158;09.12.22;Какие подгузники для детей купить: 5 лучших брендов;Юлия Скопич ;/best-diapers/;2;27;8
159;09.12.22;Какие подгузники для детей купить: 5 лучших брендов;Юлия Скопич ;/best-diapers/;2;27;8
160;09.12.22;Моя косметичка: как я ухаживаю за комбинированной кожей средствами до 750 ₽;Александра Корякина ;/care-for-enlarged-pores-in-the-t-zone/;5;15;14
161;08.12.22;8 автомобилей, которые дилеры привезли через параллельный импорт;Константин Ищенко ;/parallelniy-import-avto/;11;15;9
162;06.12.22;Лучшие кровати для детей до 3 лет;Юлия Скопич ;/best-child-beds/;2;9;13
163;02.12.22;Моя косметичка: как я ухаживаю за кожей головы с себореей;Alexandr ;/seborrhea-scalp-care/;6;15;31
164;01.12.22;Какую Nintendo Switch купить в России в конце 2022 года;Ольга Щербинина ;/switch-wanted/;9;33;8
165;28.11.22;Я собрал игровой ПК за 50 000 ₽ и исполнил мечту детства;Денис Поляков ;/dream-pc-for-games/;26;48;21
166;25.11.22;Лучшая мультиварка на каждый день;Полина Моровова-Шейнер ;/best-multicookers/;9;22;29
167;25.11.22;Моя косметичка: как я пытаюсь ухаживать за кожей, склонной к атопическому дерматиту;Бублик ;/attempts-to-combat-atopic-dermatitis/;1;20;16
168;22.11.22;Лучшие игрушки-подарки для ребенка от 1 до 3 лет;Оксана Мосеева ;/best-toys-for-very-young-kids/;6;21;14
169;21.11.22;Вертикальные беспроводные пылесосы: топ удачных моделей от 16 500 ₽;Даниил Венедиктов ;/best-vacuum-cleaners/;10;33;38
170;18.11.22;Пять качественных моделей часов до 10 000 ₽;Кирилл Черемисин ;/best-cheap-watch/;11;29;24
171;14.11.22;Какой iPhone купить: 4 модели от 26 000 ₽;Дамир Камалетдинов ;/best-iphones/;27;49;27
172;14.11.22;Я собрал ПК за 146 000 ₽, потому что соскучился по видеоиграм;Сергей Диденко ;/pc-for-gaming/;15;63;9
173;11.11.22;Лучшие SSD: 5 удачных моделей для ПК, ноутбука и игровых консолей;Михаил Полярус ;/best-ssd/;4;25;18
174;11.11.22;Моя косметичка: уход за проблемной кожей, склонной к гиперкератозу и куперозу;Красный Стаканчик ;/skin-with-keratosis-and-rosacea/;2;4;10
175;08.11.22;Лучшие видеорегистраторы: что купить в машину;Константин Ищенко ;/best-dash-cams/;8;24;31
176;04.11.22;Моя косметичка: как я 6 лет ищу уход за комбинированной кожей и борюсь с акне;naduxa ;/combination-skin-with-acne/;5;27;10
177;28.10.22;Моя косметичка: как я справилась с проблемной кожей двумя средствами;Наталья ;/minimalist-care-problem-skin/;8;11;41
178;24.10.22;Лучшие смартфоны среднего класса: 6 удачных моделей до 50 000 ₽;Даниил Баздырев ;/best-middle-phones/;10;27;17
179;21.10.22;Моя косметичка: как я ищу уход за жирной мужской кожей;Биба Бобов ;/oily-male-skin/;-;12;8
180;21.10.22;Утка-обнимашка и ароматный крем: вещи до 1500 ₽, чтобы порадовать себя;Дмитрий Козаченко ;/short/wow-stuff/;16;12;32
181;17.10.22;Моя косметичка: как я начала ухаживать за кожей после появления первых морщин;nana_n ;/combination-skin-with-aging/;8;33;39
182;30.09.22;Моя косметичка: как я ухаживаю за проблемной подростковой кожей;габи ;/combination-problem-skin/;5;11;9
183;23.09.22;Моя косметичка: как я ухаживаю за комбинированной кожей в 25 лет;Тёплая медведка с материка ;/combination-skin-25-years/;4;7;23
184;16.09.22;Бюджетные игровые мыши, клавиатуры и не только: лучшие геймерские устройства до 2800 ₽;Егор Аргунов ;/best-gaming-lowcost/;5;18;12
185;16.09.22;Бюджетные игровые мыши, клавиатуры и не только: лучшие геймерские устройства до 2800 ₽;Егор Аргунов ;/best-gaming-lowcost/;5;18;12
186;09.09.22;Моя косметичка: как я ищу уход для борьбы с возрастными изменениями кожи 40+;Альбина Кабова ;/skin-kit-40/;6;47;9
187;02.09.22;Моя косметичка: как я ухаживаю за чувствительной кожей 30+;Soul of a dawn ;/messy-skin-care-over-30/;4;11;2
188;26.08.22;Моя косметичка: как я ухаживаю за нормальной кожей 45+;Инфузория туфелька ;/imperfect-skin-care/;10;11;7
189;24.08.22;Лучшие игровые консоли: какую PlayStation, Xbox или Nintendo выбрать в 2023 году;Денис Дудушкин ;/best-gaming-consoles/;10;35;7
190;19.08.22;Моя косметичка: бюджетный набор для ухода за кожей с акне легкой степени;Билли джин ;/products-for-mild-acne-skin/;8;15;17
191;12.08.22;Моя косметичка: набор для ухода за чувствительной кожей 45+;Левова Елена ;/skin-care-at-45/;5;9;8
192;05.08.22;Моя косметичка: уход за кожей с расширенными порами и первыми признаками старения;Нижегородская ;/products-for-oily-and-aging-skin/;6;16;19
193;29.07.22;Моя косметичка: набор корейской косметики для ухода за комбинированной кожей;SoFar Me ;/basic-universal-care/;9;14;21
194;22.07.22;Моя косметичка: минималистичный уход для сухой кожи с куперозом и пигментацией;Евгения Калинина ;/minimalist-dry-skin-care/;4;1;12
195;15.07.22;Моя косметичка: средства для ухода за жирной или комбинированной мужской кожей 45+;Сна-ряд ;/set-for-mens-skin/;4;13;7
196;01.07.22;Моя косметичка: уход за жирной кожей с сальными нитями и веснушками;Алиса Неведомская ;/products-for-oily-non-problem-skin/;6;24;11
197;24.06.22;Моя косметичка: как я променяла брендовые уходовые средства на мыло;Ульяна Ц. ;/soap-instead-of-branded-products/;4;22;2
198;17.06.22;Моя косметичка: как я нашла уход для жирной кожи с долговременным эффектом;Vlada Batigi ;/long-term-care/;4;14;20
199;10.06.22;Моя косметичка: как я 6 лет боролась с акне и подобрала уход за 15 000 ₽ в год;Анастасия Трушевская ;/care-rules/;6;17;29
200;03.06.22;Моя косметичка: как я ухаживаю за мягкими кудрями;Крис Черри ;/soft-curls/;6;29;13
201;30.05.22;Пищевая сода, уксус и крахмал: 9 способов заменить популярную бытовую химию;Юлия Скопич ;/list/household-chemicals/;14;25;40
202;27.05.22;Лучшие проводные и беспроводные полноразмерные наушники: 6 удачных моделей от 5000 ₽;Никита Богуславский ;/best-headphones-2022/;39;48;56
203;27.05.22;Моя косметичка: как я ухаживаю за кожей с себорейным дерматитом;Artem Romanov ;/perfect-set-for-combo-skin/;14;55;39
204;20.05.22;Моя косметичка: аскетичный уход для чувствительной кожи;Беспощадный комментатор ;/skin-without-problems/;2;30;6
205;13.05.22;Моя косметичка: большой набор средств для жирной кожи;Богиня тлена ;/set-of-products-for-oily-skin/;9;34;9
206;06.05.22;Моя косметичка: как я избавился от акне за три месяца;Павел ;/izbavilsa-ot-akne-za-3-mesiatsa/;20;20;38
207;29.04.22;Моя косметичка: средства для ухода за комбинированной обезвоженной кожей 30+;Елизавета Варламова ;/combination-skin-30/;3;10;9
208;29.04.22;Моя косметичка: средства для ухода за комбинированной обезвоженной кожей 30+;Елизавета Варламова ;/combination-skin-30/;3;10;9
209;22.04.22;Моя косметичка: как я ухаживаю за кожей после аллергической реакции;Irina ;/allergy-kit/;4;6;5
210;15.04.22;Моя косметичка: средства для сухой кожи лица и тела;Р ;/dryness-and-flaking/;8;1;15
211;15.04.22;Моя косметичка: средства для сухой кожи лица и тела;Р ;/dryness-and-flaking/;8;1;15
212;08.04.22;Моя косметичка: уход за сухой кожей, чувствительной к натуральным компонентам;Екатерина Петришина ;/atopic-skin/;6;3;10
213;01.04.22;Моя косметичка: как я ухаживаю за молодой комбинированной кожей;Елена Макарова ;/young-dry-skin/;3;8;6
214;25.03.22;Моя косметичка: 5 средств для кожи с розацеа;Тоня ;/5-products-for-rosaskin/;4;5;18
215;25.03.22;Моя косметичка: как я ухаживаю за комбинированной кожей, которая сохнет зимой;Ксения Романова ;/rashes-dryness-winter/;6;19;15
216;18.03.22;Моя косметичка: аптечные средства для жирной, но обезвоженной кожи;Арина Перепелкина ;/dehydrated-oily-skin/;3;11;20
217;11.03.22;Моя косметичка: 6 средств для бережного ухода за жирной кожей;Дарь ;/6-products-for-oily-skin/;14;2;27
218;25.02.22;Моя косметичка: как я ухаживаю за сухой чувствительной кожей и трачу на это до 110 000 ₽ в год;Anastasia Golz ;/expensive-care-dry-skin/;2;···;10
219;18.02.22;Моя косметичка: как я ухаживаю за фоточувствительной кожей, склонной к высыпаниям;Катерина Рязанцева ;/photosensitive-skin/;5;6;7
220;11.02.22;Моя косметичка: как я ухаживаю за сухой кожей с мимическими морщинами;Анастасия ;/mimic-wrinkles/;8;7;22
221;10.02.22;«Когда все собрала, ПК просто не запустился»: 6 неприятных проблем при сборке компьютера;Алихан Исрапилов ;/pc-problems/;18;57;18
222;28.01.22;Моя косметичка: какие средства с кислотами я использую для проблемной кожи;Анастасия Шкреба ;/acid-products/;2;5;13
223;24.01.22;Лучшие смартфоны за 15 000 ₽: 5 удачных моделей;Александр Герасимов ;/best-lowcost-phones/;12;48;16
224;21.01.22;Моя косметичка: что я использую для чувствительной кожи, склонной к сухости;Little Marie ;/sensitive-dry-skin/;5;5;15
225;21.01.22;Робот-пылесос и меламиновые губки: 12 лучших покупок 2021 года;Вероника Нецова ;/short/top-goodbuy-2021/;14;23;25
226;14.01.22;Моя косметичка: как я ухаживаю за комбинированной кожей;Аноним ;/ukhod-za-kombi-kozhei/;9;16;18
227;30.12.21;Моя косметичка: как я 6 лет боролась с акне и подобрала уход за 100 000 ₽ в год;Ольга ;/poll-6-let-akne/;5;42;18
228;28.12.21;Лучшие беспроводные наушники до 8000 ₽;Даниил Баздырев ;/best-lowcost-tws/;21;69;42
229;24.12.21;Моя косметичка: как я нашла уход для чувствительной кожи без SLS;Оксана Токарева ;/poll-care-without-sls/;3;3;2
230;22.12.21;От 3D-моделирования до майнинга: 5 серьезных поводов собрать компьютер самому;Ефим Гугнин ;/pc-for-work/;9;44;16
231;17.12.21;Моя косметичка: как я ухаживаю за сухой возрастной кожей;Svetlana Svetlyachok ;/poll-dry-aging-skin/;5;2;17
232;10.12.21;Моя косметичка: как я нашла минимум для проблемной жирной кожи;Дарья Ладоненко ;/minimal-ukhod/;13;22;28
233;09.12.21;Надо брать: минималистичный рюкзак;Яков ;/good-riukzak-zavtra/;10;44;5
234;02.12.21;Надо брать: авоська;Даша Антонова ;/good-avoska-iz-ikei/;9;18;3
235;26.11.21;«Самое сложное — блок питания»: 8 советов, как самостоятельно собрать компьютер;Ефим Гугнин ;/pc-recommendations/;14;63;41
236;26.11.21;Моя косметичка: что я использую для кожи, жирной в Т-зоне;SimpleDeer ;/nabor-dlia-zhirnoi-kozhi/;4;1;9
237;26.11.21;Моя косметичка: что я использую для кожи, жирной в Т-зоне;SimpleDeer ;/nabor-dlia-zhirnoi-kozhi/;4;1;9
238;25.11.21;Надо брать: портативный проектор;Помешанный аэросъемщик ;/good-proektor/;9;22;15
239;18.11.21;Моя косметичка: как я подобрала средства для обезвоженной кожи, склонной к жирности;Ira Rekh ;/my-products-for-oily-skin/;4;3;19
240;18.11.21;Надо брать: балкон для кошек;Саша Уткина ;/good-koshachii-balkon/;25;51;15
241;11.11.21;Моя косметичка: как я 10 лет боролась с акне и смогла найти подходящие средства;schyochky ;/10-let-acne/;14;12;36
242;11.11.21;Надо брать: вертикальный пылесос с ультрафиолетовой лампой;Lina ;/good-vertikalnyi-pylesos/;3;15;7
243;04.11.21;Надо брать: вафельница;Никита Ярунин ;/good-vafelnitsa/;8;23;8
244;28.10.21;Моя косметичка: что я использую для нормальной кожи с постакне;Аноним ;/norm-kozha-s-postakne/;4;4;22
245;28.10.21;Надо брать: парогенератор;Anton Zhitarev ;/good-parogenerator/;10;6;8
246;25.10.21;Моя косметичка: что посоветовал дерматолог для жирной кожи, склонной к акне;BosiCom ;/dlia-zhirnoi-kozhi-sklonnoi-k-akne/;20;18;52
247;21.10.21;Надо брать: моющий робот-пылесос;Дарья Ристевски ;/good-robot-pylesos/;7;54;23
248;15.10.21;Никогда не покупайте это: стайлер для волос;Аделаида Титенгаузен ;/bad-stailer-dlia-volos/;2;21;2
249;14.10.21;Моя косметичка: как я ухаживаю за жирной кожей, чувствительной к некоторым компонентам;Аноним ;/kozha-reagiruyet-na-komponenty/;3;1;9
250;14.10.21;Надо брать: столик-поднос на ножках;Ilya Ovchinnikov ;/stolik-goodbuy/;6;9;1
251;07.10.21;Моя косметичка: как я ухаживаю за чувствительной кожей с розацеа;Александра Соболева ;/dlia-kozhi-s-rozatsea/;9;24;20
252;07.10.21;Надо брать: газовая печь с одноразовыми баллонами;Александр Егоров ;/good-gazovaia-pech/;5;13;6
253;30.09.21;Моя косметичка: как я ухаживаю за кожей с жирной Т-зоной и трачу на это до 100 000 ₽ в год;Jeanmishel ;/t-zona/;8;10;8
254;30.09.21;Надо брать: маска для сна;Тамара Малькова ;/good-mask-for-sleep/;12;39;5
255;23.09.21;Моя косметичка: как я ухаживаю за комбинированной кожей со следами акне;J H ;/kombi-so-sledami-akne/;8;27;33
256;23.09.21;Надо брать: деревянный стеллаж;Виктор Ренатов ;/stellazh-goodbuy/;4;20;1
257;16.09.21;Моя косметичка: как я ухаживаю за сухой чувствительной кожей;Региональный энтузиаст ;/ukhazhivaiu-za-sukhoi-kozhei/;6;8;22
258;16.09.21;Надо брать: беспроводная мышь;mаpиoнeтo4ka ;/mouse-goodbuy/;4;48;4
259;09.09.21;Надо брать: силиконовый коврик для выпечки;Виктория Нельзон ;/good-baking-mat/;4;23;2
260;09.09.21;Надо брать: силиконовый коврик для выпечки;Виктория Нельзон ;/good-baking-mat/;4;23;2
261;09.09.21;Моя косметичка: как я подбирала уход для молодой комбинированной кожи;Аноним ;/molodaya-kombi-kozha/;6;6;10
262;02.09.21;Моя косметичка: как я нашел уход для кожи с розацеа, склонной к акне;Егор Чужин ;/zolotoi-standart-ot-akne/;23;19;45
263;02.09.21;Моя косметичка: как я нашел уход для кожи с розацеа, склонной к акне;Егор Чужин ;/zolotoi-standart-ot-akne/;23;19;45
264;02.09.21;Надо брать: капучинатор;Анна Лебедева ;/kapuchinator-goodbuy/;7;31;2
265;02.09.21;6 ингредиентов в косметике, которые могут вызвать аллергию;Ася Попова ;/short/cosmetics-irritants/;3;5;10
266;26.08.21;Надо брать: туристический карабин;Artur Bikmukhametov ;/karabin-goodbuy/;8;13;4
267;26.08.21;Моя косметичка: как я ухаживаю за жирной кожей с высыпаниями;honey ;/oily-skin-with-rashes/;11;17;39
268;19.08.21;Надо брать: поясная сумка;Илюша Перин ;/good-poiasnaia-sumka/;14;39;3
269;12.08.21;Надо брать: электрический штопор;Ltnt ;/good-electric-corkscrew/;2;20;1
270;05.08.21;Надо брать: погружной блендер;Аноним ;/good-hand-blender/;3;21;6
271;29.07.21;Надо брать: подвесной походный фонарь;Кира Кононович ;/good-hanging-lantern/;1;2;1
272;28.07.21;Никогда не покупайте это: любые наушники «Эпл»;Аноним ;/bad-apple-earpods/;10;89;4
273;22.07.21;Надо брать: подставка под кисти для макияжа;Аноним ;/good-brush-stand/;1;8;3
274;21.07.21;Никогда не покупайте это: напольный мобильный кондиционер;Boltunec ;/bad-conditioner/;15;55;6
275;15.07.21;Надо брать: умная лампа;Pavel Usachev ;/good-smart-lamp/;2;13;9
276;14.07.21;Никогда не покупайте это: ноутбук HP с технологией Sure View;Аноним ;/bad-notebook-sure-view/;17;44;5
277;08.07.21;Надо брать: магнитный кабель для зарядки и передачи данных;Ltnt ;/good-cable/;7;19;9
278;07.07.21;Никогда не покупайте это: соковыжималка;Руслан Асадов ;/bad-juicer/;5;16;3
279;01.07.21;Надо брать: коротковолновый радиоприемник;Егор ;/good-radiopriemnik/;12;14;6
280;30.06.21;Никогда не покупайте это: зеркало для макияжа на присоске из «Инстаграма»;Аноним ;/bad-zerkalo-na-prisoske/;2;1;1
281;24.06.21;Надо брать: укулеле;Victoria ;/good-ukulele/;15;12;12
282;23.06.21;Никогда не покупайте это: сковорода гриль-газ;Аноним ;/bad-grill-gas-pan/;4;12;1
283;17.06.21;Надо брать: машинка для удаления катышков;egor seal ;/britva-goodbuy/;10;10;13
284;16.06.21;Никогда не покупайте это: умные напольные весы;Victoria Lysenkova ;/bad-vesy/;8;35;4
285;10.06.21;Надо брать: электрическая мухобойка;Денис Салихов ;/muha-goodbuy/;11;9;6
286;09.06.21;Никогда не покупайте это: беговая дорожка;Анастасия Парфенова ;/bad-doroga/;8;43;7
287;03.06.21;Надо брать: телескопическая чесалка для спины;Lana Ryzhkova ;/chesalka-goodbuy/;9;11;2
288;02.06.21;Никогда не покупайте это: чугунная сковородка;Екатерина ;/bad-cast-iron-pan/;9;110;4
289;02.06.21;Никогда не покупайте это: чугунная сковородка;Екатерина ;/bad-cast-iron-pan/;9;110;4
290;26.05.21;Надо брать: ночник с датчиком движения;Dima ;/nochnik-goodbuy/;14;7;10
291;19.05.21;Никогда не покупайте это: электрическая пароварка;Тата Рябоконь ;/parovar-bad/;5;25;
292;12.05.21;Надо брать: многоразовая пеленка;Дмитрий Батурин ;/pelenka-goodbuy/;4;18;3
293;05.05.21;Никогда не покупайте это: наушники «Эпл Эйрподс»;Полиграф Шариков ;/bad-airpods/;21;106;9
294;28.04.21;Надо брать: набор формочек для печенья;Аноним ;/elk-goodbuy/;2;2;1
295;21.04.21;Никогда не покупайте это: ванночка для парафинотерапии;Anastasia For ;/vosk-bad/;7;6;1
296;14.04.21;Надо брать: меламиновые губки;Юлёк Кашина ;/gubki-goodbuy/;26;42;13
297;07.04.21;Никогда не покупайте это: система стабилизации видеокамеры для телефона;Аноним ;/bad-steadicam/;4;20;4
298;31.03.21;Надо брать: отпугиватель собак;Не Он ;/no-dogs-goodbuy/;24;40;10
299;24.03.21;Никогда не покупайте это: аэрогриль со стеклянной чашей;Харухи Судзумия ;/bad-aerogrill/;8;38;2
300;17.03.21;Надо брать: менструальная чаша;Natalia Shakhoff ;/chasha-goodbuy/;18;52;8
301;16.03.21;Чайный батл: в чем заваривать чай, чтобы было вкусно;Вероника Нецова ;/zavari-chayu/;19;31;28
302;10.03.21;Никогда не покупайте это: индукционный капучинатор;Аноним ;/bad-more-kapuchinator/;1;55;1
303;03.03.21;Надо брать: термокружка из нержавейки;Аноним ;/termokruzhka-goodbuy/;7;27;6
304;24.02.21;Никогда не покупайте это: вертикальный пылесос;Аноним ;/pylesos-badbuy/;17;63;5
305;17.02.21;Надо брать: маленькая гейзерная кофеварка;Оля Селиванова ;/geizer-goodbuy/;12;45;12
306;10.02.21;Никогда не покупайте это: паровая швабра;Таня Патаня ;/shvabra-badbuy/;12;44;1
307;03.02.21;Надо брать: заварочный стеклянный чайник;Аноним ;/teapot-goodbuy/;9;39;6
308;27.01.21;Никогда не покупайте это: мультиварка;Не Он ;/multivar-badbuy/;11;132;5
309;20.01.21;Надо брать: кухонные весы;Oльга ;/nado-brat-kukhonnye-vesy-iz-ashana/;16;11;4
310;13.01.21;Никогда не покупайте это: электронная ручка;Редакция ;/bad-ruchka/;3;31;
311;30.12.20;Никогда не покупайте это: телескопическая удочка;Редакция ;/bad-udochka/;1;24;1
312;23.12.20;Никогда не покупайте это: складная беговая дорожка;Редакция ;/bad-dorozhka/;7;40;2
313;16.12.20;Никогда не покупайте это: подержанный велосипед;Редакция ;/bad-velik/;7;98;6
314;09.12.20;Никогда не покупайте это: отреставрированный автомобиль ГАЗ-24 «Волга»;Денис Пушкарь ;/gaz-24-volga/;17;74;3
315;09.12.20;Никогда не покупайте это: отреставрированный автомобиль ГАЗ-24 «Волга»;Денис Пушкарь ;/gaz-24-volga/;17;74;3
